action,actor,user,org,repo,created_at,data.hook_id,data.events,data.events_were,data.target_login,data.old_user,data.team,data.runner_group_id,data.runner_group_name,data.runner_group_visibility,data.runner_group_allow_public
org.oauth_app_access_approved,,,E-S-A-Group-Inc,,1568637590646,,,,,,,,,,
account.plan_change,,,E-S-A-Group-Inc,,1569223521897,,,,,,,,,,
org.update_terms_of_service,ESA-Security-Group,,E-S-A-Group-Inc,,1568034978688,,,,,,,,,,
project.update_user_permission,ESA-Security-Group,ESA-Security-Group,E-S-A-Group-Inc,,1568035126150,,,,,,,,,,
org.oauth_app_access_approved,ESA-Security-Group,,E-S-A-Group-Inc,,1568171438421,,,,,,,,,,
org.invite_member,ESA-Security-Group,,E-S-A-Group-Inc,,1568035037373,,,,,,,,,,
project.update_org_permission,ESA-Security-Group,,E-S-A-Group-Inc,,1568035126145,,,,,,,,,,
org.create,ESA-Security-Group,,E-S-A-Group-Inc,,1568034978688,,,,,,,,,,
account.plan_change,,,E-S-A-Group-Inc,,1569223521897,,,,,,,,,,
org.invite_member,ESA-Security-Group,,E-S-A-Group-Inc,,1568035012604,,,,,,,,,,
org.add_member,ESA-Security-Group,ESA-Security-Group,E-S-A-Group-Inc,,1568034978688,,,,,,,,,,
project.create,ESA-Security-Group,,E-S-A-Group-Inc,,1568035126150,,,,,,,,,,
repository_vulnerability_alert.create,,,E-S-A-Group-Inc,E-S-A-Group-Inc/security-on-github-clean,1572440387906,,,,,,,,,,
payment_method.create,E-S-A-Group-Inc,,E-S-A-Group-Inc,,1571514413286,,,,,,,,,,
repo.create,ESA-Security-Group,,E-S-A-Group-Inc,E-S-A-Group-Inc/git,1571513993258,,,,,,,,,,
account.plan_change,ESA-Security-Group,,E-S-A-Group-Inc,,1571514413290,,,,,,,,,,
repo.create,ESA-Security-Group,,E-S-A-Group-Inc,E-S-A-Group-Inc/jsbox-docs,1572434580881,,,,,,,,,,
org.oauth_app_access_approved,ESA-Security-Group,,E-S-A-Group-Inc,,1572463451371,,,,,,,,,,
integration_installation.repositories_added,,,E-S-A-Group-Inc,,1572440387729,,,,,,,,,,
repo.create,ESA-Security-Group,,E-S-A-Group-Inc,E-S-A-Group-Inc/starship,1572434263979,,,,,,,,,,
repo.create,ESA-Security-Group,,E-S-A-Group-Inc,E-S-A-Group-Inc/security-on-github-clean,1572440323271,,,,,,,,,,
integration_installation.create,,,E-S-A-Group-Inc,,1572434358458,,,,,,,,,,
repo.create,ESA-Security-Group,,E-S-A-Group-Inc,E-S-A-Group-Inc/starship-clone,1572434304101,,,,,,,,,,
repository_vulnerability_alert.create,,,E-S-A-Group-Inc,E-S-A-Group-Inc/security-on-github-clean,1572440387911,,,,,,,,,,
repo.create,ESA-Security-Group,,E-S-A-Group-Inc,E-S-A-Group-Inc/starslogin-,1573145059147,,,,,,,,,,
hook.create,ESA-Security-Group,,E-S-A-Group-Inc,E-S-A-Group-Inc/security-on-github-clean,1573255060917,156162959,"[""push""]",,,,,,,,
checks.auto_trigger_disabled,github-actions[bot],,E-S-A-Group-Inc,E-S-A-Group-Inc/AspNetCore.Docs,1573997811464,,,,,,,,,,
org.oauth_app_access_approved,ESA-Security-Group,,E-S-A-Group-Inc,,1572782610512,,,,,,,,,,
org.oauth_app_access_approved,ESA-Security-Group,,E-S-A-Group-Inc,,1573254996064,,,,,,,,,,
hook.create,ESA-Security-Group,,E-S-A-Group-Inc,E-S-A-Group-Inc/azure-pipelines-tasks,1573255060378,156162951,"[""push""]",,,,,,,,
hook.create,ESA-Security-Group,,E-S-A-Group-Inc,E-S-A-Group-Inc/git,1573255060538,156162955,"[""push""]",,,,,,,,
org.oauth_app_access_approved,ESA-Security-Group,,E-S-A-Group-Inc,,1574866365208,,,,,,,,,,
hook.create,ESA-Security-Group,,E-S-A-Group-Inc,E-S-A-Group-Inc/jsbox-docs,1573255060817,156162958,"[""push""]",,,,,,,,
integration_installation.create,ESA-Security-Group,,E-S-A-Group-Inc,,1573997810368,,,,,,,,,,
repo.create,ESA-Security-Group,,E-S-A-Group-Inc,E-S-A-Group-Inc/azure-pipelines-tasks,1572872862690,,,,,,,,,,
repo.create,ESA-Security-Group,,E-S-A-Group-Inc,E-S-A-Group-Inc/starfield,1573145099970,,,,,,,,,,
hook.create,ESA-Security-Group,,E-S-A-Group-Inc,E-S-A-Group-Inc/gh-ost,1573255060524,156162954,"[""push""]",,,,,,,,
repo.create,ESA-Security-Group,,E-S-A-Group-Inc,E-S-A-Group-Inc/AspNetCore.Docs,1573997743396,,,,,,,,,,
hook.create,ESA-Security-Group,,E-S-A-Group-Inc,E-S-A-Group-Inc/blockchain-tutorial-2,1573255060567,156162956,"[""push""]",,,,,,,,
profile_picture.update,ESA-Security-Group,,E-S-A-Group-Inc,,1572970348971,,,,,,,,,,
repo.create,ESA-Security-Group,,E-S-A-Group-Inc,E-S-A-Group-Inc/gh-ost,1572971103296,,,,,,,,,,
repo.create,ESA-Security-Group,,E-S-A-Group-Inc,E-S-A-Group-Inc/blockchain-tutorial-2,1573145313207,,,,,,,,,,
billing.change_email,ESA-Security-Group,,E-S-A-Group-Inc,,1572970386727,,,,,,,,,,
hook.create,ESA-Security-Group,,E-S-A-Group-Inc,E-S-A-Group-Inc/starship-clone,1573255060972,156162961,"[""push""]",,,,,,,,
integration_installation.repositories_added,ESA-Security-Group,,E-S-A-Group-Inc,,1575496609992,,,,,,,,,,
integration_installation.repositories_added,ESA-Security-Group,,E-S-A-Group-Inc,,1575414194908,,,,,,,,,,
repository_vulnerability_alert.dismiss,ESA-Security-Group,ESA-Security-Group,E-S-A-Group-Inc,E-S-A-Group-Inc/starship-clone,1576465645213,,,,,,,,,,
hook.create,ESA-Security-Group,,E-S-A-Group-Inc,E-S-A-Group-Inc/git,1575496151669,163732350,"[""push"", ""issues"", ""issue_comment"", ""commit_comment"", ""pull_request"", ""pull_request_review_comment"", ""gollum"", ""watch"", ""fork"", ""member"", ""public"", ""team_add"", ""status"", ""create"", ""delete"", ""release""]",,,,,,,,
repo.create,ESA-Security-Group,,E-S-A-Group-Inc,E-S-A-Group-Inc/bootstrap,1575526495421,,,,,,,,,,
repository_vulnerability_alert.create,,,E-S-A-Group-Inc,E-S-A-Group-Inc/starship-clone,1575815215175,,,,,,,,,,
org.oauth_app_access_approved,ESA-Security-Group,,E-S-A-Group-Inc,,1575374742105,,,,,,,,,,
repo.create,ESA-Security-Group,,E-S-A-Group-Inc,E-S-A-Group-Inc/go-cloud,1577118407835,,,,,,,,,,
repo.create,ESA-Security-Group,,E-S-A-Group-Inc,E-S-A-Group-Inc/atom,1575414156106,,,,,,,,,,
repo.create,ESA-Security-Group,,E-S-A-Group-Inc,E-S-A-Group-Inc/circleci-docs,1575496580810,,,,,,,,,,
repo.create,ESA-Security-Group,,E-S-A-Group-Inc,E-S-A-Group-Inc/Dash-User-Contributions,1578585774731,,,,,,,,,,
hook.create,ESA-Security-Group,,E-S-A-Group-Inc,E-S-A-Group-Inc/go,1579234570287,175614460,"[""push""]",,,,,,,,
repository_vulnerability_alert.create,,,E-S-A-Group-Inc,E-S-A-Group-Inc/webdav.8080,1579237451429,,,,,,,,,,
repo.create,ESA-Security-Group,,E-S-A-Group-Inc,E-S-A-Group-Inc/-AMB-RI-EL-Go,1580130366528,,,,,,,,,,
integration_installation.repositories_added,ESA-Security-Group,,E-S-A-Group-Inc,,1578190705540,,,,,,,,,,
repository_vulnerability_alert.dismiss,ESA-Security-Group,ESA-Security-Group,E-S-A-Group-Inc,E-S-A-Group-Inc/Alexa-LED-Animation-Files-for-AVS,1578494035252,,,,,,,,,,
repo.create,ESA-Security-Group,,E-S-A-Group-Inc,E-S-A-Group-Inc/Alexa-LED-Animation-Files-for-AVS,1578488416492,,,,,,,,,,
hook.create,ESA-Security-Group,,E-S-A-Group-Inc,E-S-A-Group-Inc/Dash-User-Contributions,1578586826342,173684199,"[""push""]",,,,,,,,
hook.create,ESA-Security-Group,,E-S-A-Group-Inc,E-S-A-Group-Inc/Ghost,1579234570091,175614456,"[""push""]",,,,,,,,
repository_vulnerability_alert.create,,,E-S-A-Group-Inc,E-S-A-Group-Inc/webdav.8080,1579237450128,,,,,,,,,,
repository_vulnerability_alert.create,,,E-S-A-Group-Inc,E-S-A-Group-Inc/webdav.8080,1579237450737,,,,,,,,,,
repository_vulnerability_alert.create,,,E-S-A-Group-Inc,E-S-A-Group-Inc/webdav.8080,1579237451086,,,,,,,,,,
integration_installation.repositories_added,ESA-Security-Group,,E-S-A-Group-Inc,,1580130400584,,,,,,,,,,
repository_vulnerability_alert.create,,,E-S-A-Group-Inc,E-S-A-Group-Inc/webdav.8080,1579237449794,,,,,,,,,,
repo.create,ESA-Security-Group,,E-S-A-Group-Inc,E-S-A-Group-Inc/welcome-to-working-copy,1579356488419,,,,,,,,,,
integration_installation.repositories_added,,,E-S-A-Group-Inc,,1578719893920,,,,,,,,,,
integration_installation.repositories_added,ESA-Security-Group,,E-S-A-Group-Inc,,1580406598685,,,,,,,,,,
org.oauth_app_access_approved,ESA-Security-Group,,E-S-A-Group-Inc,,1578094465299,,,,,,,,,,
repo.create,ESA-Security-Group,,E-S-A-Group-Inc,E-S-A-Group-Inc/fetch,1577984468562,,,,,,,,,,
hook.create,ESA-Security-Group,,E-S-A-Group-Inc,E-S-A-Group-Inc/CodeHub-Push,1579234569580,175614453,"[""push""]",,,,,,,,
hook.create,ESA-Security-Group,,E-S-A-Group-Inc,E-S-A-Group-Inc/docker-node,1579234570305,175614461,"[""push""]",,,,,,,,
repository_vulnerability_alert.create,,,E-S-A-Group-Inc,E-S-A-Group-Inc/webdav.8080,1579237449298,,,,,,,,,,
repository_vulnerability_alert.create,,,E-S-A-Group-Inc,E-S-A-Group-Inc/webdav.8080,1579237449401,,,,,,,,,,
repository_vulnerability_alert.create,,,E-S-A-Group-Inc,E-S-A-Group-Inc/webdav.8080,1579237449893,,,,,,,,,,
repository_vulnerability_alert.create,,,E-S-A-Group-Inc,E-S-A-Group-Inc/webdav.8080,1579237451643,,,,,,,,,,
integration_installation.repositories_added,,,E-S-A-Group-Inc,,1578488483296,,,,,,,,,,
integration_installation.repositories_added,,,E-S-A-Group-Inc,,1579150028649,,,,,,,,,,
repository_vulnerability_alert.create,,,E-S-A-Group-Inc,E-S-A-Group-Inc/webdav.8080,1579237449185,,,,,,,,,,
repository_vulnerability_alert.create,,,E-S-A-Group-Inc,E-S-A-Group-Inc/webdav.8080,1579237450974,,,,,,,,,,
repo.create,ESA-Security-Group,,E-S-A-Group-Inc,E-S-A-Group-Inc/starship-git,1578719759566,,,,,,,,,,
repo.create,ESA-Security-Group,,E-S-A-Group-Inc,E-S-A-Group-Inc/wiki,1578720350090,,,,,,,,,,
repo.create,ESA-Security-Group,,E-S-A-Group-Inc,E-S-A-Group-Inc/Ghost,1578168166176,,,,,,,,,,
repository_vulnerability_alert.create,,,E-S-A-Group-Inc,E-S-A-Group-Inc/Alexa-LED-Animation-Files-for-AVS,1578488484765,,,,,,,,,,
hook.create,ESA-Security-Group,,E-S-A-Group-Inc,E-S-A-Group-Inc/brew,1579234569482,175614450,"[""push""]",,,,,,,,
hook.create,ESA-Security-Group,,E-S-A-Group-Inc,E-S-A-Group-Inc/circleci-docs,1579234569530,175614452,"[""push""]",,,,,,,,
hook.create,ESA-Security-Group,,E-S-A-Group-Inc,E-S-A-Group-Inc/starship-git,1579234570585,175614463,"[""push""]",,,,,,,,
hook.create,ESA-Security-Group,,E-S-A-Group-Inc,E-S-A-Group-Inc/atom,1579234568937,175614445,"[""push""]",,,,,,,,
repository_vulnerability_alert.create,,,E-S-A-Group-Inc,E-S-A-Group-Inc/webdav.8080,1579237449507,,,,,,,,,,
repo.create,ESA-Security-Group,,E-S-A-Group-Inc,E-S-A-Group-Inc/ObjectivePGP,1580406568766,,,,,,,,,,
repository_vulnerability_alert.create,,,E-S-A-Group-Inc,E-S-A-Group-Inc/Alexa-LED-Animation-Files-for-AVS,1578488484447,,,,,,,,,,
hook.create,ESA-Security-Group,,E-S-A-Group-Inc,E-S-A-Group-Inc/wiki,1579234570835,175614467,"[""push""]",,,,,,,,
repository_vulnerability_alert.create,,,E-S-A-Group-Inc,E-S-A-Group-Inc/webdav.8080,1579237448874,,,,,,,,,,
org.oauth_app_access_approved,ESA-Security-Group,,E-S-A-Group-Inc,,1579421366695,,,,,,,,,,
repo.create,ESA-Security-Group,,E-S-A-Group-Inc,E-S-A-Group-Inc/azure-repos-vscode-clones-,1580031179839,,,,,,,,,,
hook.create,ESA-Security-Group,,E-S-A-Group-Inc,E-S-A-Group-Inc/Alexa-LED-Animation-Files-for-AVS,1579234568931,175614444,"[""push""]",,,,,,,,
repository_vulnerability_alert.create,,,E-S-A-Group-Inc,E-S-A-Group-Inc/webdav.8080,1579237449699,,,,,,,,,,
integration_installation.repositories_added,ESA-Security-Group,,E-S-A-Group-Inc,,1579875044500,,,,,,,,,,
integration_installation.repositories_added,ESA-Security-Group,,E-S-A-Group-Inc,,1578585827418,,,,,,,,,,
repository_vulnerability_alert.create,,,E-S-A-Group-Inc,E-S-A-Group-Inc/Alexa-LED-Animation-Files-for-AVS,1578488483688,,,,,,,,,,
hook.create,ESA-Security-Group,,E-S-A-Group-Inc,E-S-A-Group-Inc/vscode-azureappservice,1579234570619,175614464,"[""push""]",,,,,,,,
hook.create,ESA-Security-Group,,E-S-A-Group-Inc,E-S-A-Group-Inc/AspNetCore.Docs,1579234568942,175614447,"[""push""]",,,,,,,,
repository_vulnerability_alert.create,,,E-S-A-Group-Inc,E-S-A-Group-Inc/webdav.8080,1579237449606,,,,,,,,,,
repo.create,ESA-Security-Group,,E-S-A-Group-Inc,E-S-A-Group-Inc/vscode-azureappservice,1579111889812,,,,,,,,,,
repo.create,ESA-Security-Group,,E-S-A-Group-Inc,E-S-A-Group-Inc/brew,1578190677796,,,,,,,,,,
repo.create,ESA-Security-Group,,E-S-A-Group-Inc,E-S-A-Group-Inc/go,1578590319472,,,,,,,,,,
integration_installation.repositories_added,ESA-Security-Group,,E-S-A-Group-Inc,,1578634698987,,,,,,,,,,
integration_installation.repositories_added,,,E-S-A-Group-Inc,,1578719894289,,,,,,,,,,
hook.create,ESA-Security-Group,,E-S-A-Group-Inc,E-S-A-Group-Inc/fetch,1579234570117,175614458,"[""push""]",,,,,,,,
repository_vulnerability_alert.create,,,E-S-A-Group-Inc,E-S-A-Group-Inc/webdav.8080,1579237450443,,,,,,,,,,
repository_vulnerability_alert.create,,,E-S-A-Group-Inc,E-S-A-Group-Inc/webdav.8080,1579237450855,,,,,,,,,,
integration_installation.repositories_added,,,E-S-A-Group-Inc,,1579237446984,,,,,,,,,,
org.oauth_app_access_approved,ESA-Security-Group,,E-S-A-Group-Inc,,1579676108135,,,,,,,,,,
repo.create,ESA-Security-Group,,E-S-A-Group-Inc,E-S-A-Group-Inc/CodeHub-Push,1578634639087,,,,,,,,,,
repository_vulnerability_alert.create,,,E-S-A-Group-Inc,E-S-A-Group-Inc/Alexa-LED-Animation-Files-for-AVS,1579295120981,,,,,,,,,,
repository_vulnerability_alert.resolve,,,E-S-A-Group-Inc,E-S-A-Group-Inc/Alexa-LED-Animation-Files-for-AVS,1579221050378,,,,,,,,,,
hook.create,ESA-Security-Group,,E-S-A-Group-Inc,E-S-A-Group-Inc/webdav.8080,1579234570821,175614465,"[""push""]",,,,,,,,
org.oauth_app_access_approved,ESA-Security-Group,,E-S-A-Group-Inc,,1579547439710,,,,,,,,,,
repository_vulnerability_alert.create,,,E-S-A-Group-Inc,E-S-A-Group-Inc/Alexa-LED-Animation-Files-for-AVS,1578488484929,,,,,,,,,,
repository_vulnerability_alert.create,,,E-S-A-Group-Inc,E-S-A-Group-Inc/Alexa-LED-Animation-Files-for-AVS,1578488484305,,,,,,,,,,
repo.create,ESA-Security-Group,,E-S-A-Group-Inc,E-S-A-Group-Inc/webdav.8080,1579149626218,,,,,,,,,,
hook.create,ESA-Security-Group,,E-S-A-Group-Inc,E-S-A-Group-Inc/Dash-User-Contributions,1579234569696,175614454,"[""push""]",,,,,,,,
integration_installation.repositories_added,ESA-Security-Group,,E-S-A-Group-Inc,,1577984499700,,,,,,,,,,
repository_vulnerability_alert.create,,,E-S-A-Group-Inc,E-S-A-Group-Inc/Alexa-LED-Animation-Files-for-AVS,1578488484046,,,,,,,,,,
repository_vulnerability_alert.create,,,E-S-A-Group-Inc,E-S-A-Group-Inc/Alexa-LED-Animation-Files-for-AVS,1578488484638,,,,,,,,,,
repository_vulnerability_alert.create,,,E-S-A-Group-Inc,E-S-A-Group-Inc/webdav.8080,1579237449080,,,,,,,,,,
repository_vulnerability_alert.create,,,E-S-A-Group-Inc,E-S-A-Group-Inc/webdav.8080,1579237450322,,,,,,,,,,
repo.create,ESA-Security-Group,,E-S-A-Group-Inc,E-S-A-Group-Inc/docker-node,1579216206574,,,,,,,,,,
repository_vulnerability_alert.create,,,E-S-A-Group-Inc,E-S-A-Group-Inc/webdav.8080,1579237451329,,,,,,,,,,
repository_vulnerability_alert.create,,,E-S-A-Group-Inc,E-S-A-Group-Inc/webdav.8080,1579237451526,,,,,,,,,,
repository_vulnerability_alert.create,,,E-S-A-Group-Inc,E-S-A-Group-Inc/Alexa-LED-Animation-Files-for-AVS,1578488484174,,,,,,,,,,
repo.create,ESA-Security-Group,,E-S-A-Group-Inc,E-S-A-Group-Inc/PuTTY-User-Key-File-2-ssh-ed25519,1579656971623,,,,,,,,,,
hook.create,ESA-Security-Group,,E-S-A-Group-Inc,E-S-A-Group-Inc/bootstrap,1579234569036,175614448,"[""push""]",,,,,,,,
repository_vulnerability_alert.create,,,E-S-A-Group-Inc,E-S-A-Group-Inc/webdav.8080,1579237450549,,,,,,,,,,
repository_vulnerability_alert.create,,,E-S-A-Group-Inc,E-S-A-Group-Inc/webdav.8080,1579237450023,,,,,,,,,,
repository_vulnerability_alerts.authorized_users_teams,ESA-Security-Group,,E-S-A-Group-Inc,E-S-A-Group-Inc/Alexa-LED-Animation-Files-for-AVS,1580910874884,,,,,,,,,,
repository_vulnerability_alert.dismiss,ESA-Security-Group,ESA-Security-Group,E-S-A-Group-Inc,E-S-A-Group-Inc/-Get-Queens,1582848521270,,,,,,,,,,
repository_vulnerability_alert.resolve,ESA-Security-Group,,E-S-A-Group-Inc,E-S-A-Group-Inc/Alexa-LED-Animation-Files-for-AVS,1581430858807,,,,,,,,,,
integration_installation.repositories_added,,,E-S-A-Group-Inc,,1582830023895,,,,,,,,,,
repo.create,ESA-Security-Group,,E-S-A-Group-Inc,E-S-A-Group-Inc/docker-node-1,1581614063851,,,,,,,,,,
repo.create,ESA-Security-Group,,E-S-A-Group-Inc,E-S-A-Group-Inc/-Get-Queens,1582829951351,,,,,,,,,,
repository_vulnerability_alert.create,github-staff,,E-S-A-Group-Inc,E-S-A-Group-Inc/Alexa-LED-Animation-Files-for-AVS,1582138595515,,,,,,,,,,
repository_vulnerability_alerts.authorized_users_teams,ESA-Security-Group,,E-S-A-Group-Inc,E-S-A-Group-Inc/Alexa-LED-Animation-Files-for-AVS,1581442605852,,,,,,,,,,
integration_installation.repositories_added,ESA-Security-Group,,E-S-A-Group-Inc,,1582848375654,,,,,,,,,,
repository_vulnerability_alert.resolve,ESA-Security-Group,,E-S-A-Group-Inc,E-S-A-Group-Inc/Alexa-LED-Animation-Files-for-AVS,1581430858893,,,,,,,,,,
repository_vulnerability_alert.create,,,E-S-A-Group-Inc,E-S-A-Group-Inc/Alexa-LED-Animation-Files-for-AVS,1581313138972,,,,,,,,,,
repository_vulnerability_alert.create,,,E-S-A-Group-Inc,E-S-A-Group-Inc/-Get-Queens,1582830024302,,,,,,,,,,
repo.create,ESA-Security-Group,,E-S-A-Group-Inc,E-S-A-Group-Inc/Fire--2,1581055909642,,,,,,,,,,
repository_vulnerability_alert.create,,,E-S-A-Group-Inc,E-S-A-Group-Inc/Alexa-LED-Animation-Files-for-AVS,1581313139277,,,,,,,,,,
repo.create,ESA-Security-Group,,E-S-A-Group-Inc,E-S-A-Group-Inc/-Get-Queens-2,1582847085988,,,,,,,,,,
repository_vulnerability_alert.create,,,E-S-A-Group-Inc,E-S-A-Group-Inc/Alexa-LED-Animation-Files-for-AVS,1581313139643,,,,,,,,,,
repo.create,ESA-Security-Group,,E-S-A-Group-Inc,E-S-A-Group-Inc/Alexa-LED-Animation-Files-for-AVS-1,1581733611028,,,,,,,,,,
repository_vulnerability_alerts.authorized_users_teams,ESA-Security-Group,,E-S-A-Group-Inc,E-S-A-Group-Inc/Alexa-LED-Animation-Files-for-AVS,1581442618911,,,,,,,,,,
repo.create,ESA-Security-Group,,E-S-A-Group-Inc,E-S-A-Group-Inc/azure-repos-vscode,1581309904721,,,,,,,,,,
repository_vulnerability_alert.resolve,ESA-Security-Group,,E-S-A-Group-Inc,E-S-A-Group-Inc/Alexa-LED-Animation-Files-for-AVS,1581430858742,,,,,,,,,,
repository_vulnerability_alert.create,,,E-S-A-Group-Inc,E-S-A-Group-Inc/Alexa-LED-Animation-Files-for-AVS,1582571978335,,,,,,,,,,
repository_vulnerability_alert.create,,,E-S-A-Group-Inc,E-S-A-Group-Inc/Alexa-LED-Animation-Files-for-AVS,1581313139432,,,,,,,,,,
repository_vulnerability_alert.create,,,E-S-A-Group-Inc,E-S-A-Group-Inc/Alexa-LED-Animation-Files-for-AVS,1581313139540,,,,,,,,,,
repository_vulnerability_alerts.authorized_users_teams,ESA-Security-Group,,E-S-A-Group-Inc,E-S-A-Group-Inc/-Get-Queens,1582847658584,,,,,,,,,,
repository_vulnerability_alert.create,,,E-S-A-Group-Inc,E-S-A-Group-Inc/Alexa-LED-Animation-Files-for-AVS,1582571978217,,,,,,,,,,
integration_installation.repositories_added,ESA-Security-Group,,E-S-A-Group-Inc,,1581056460014,,,,,,,,,,
org.oauth_app_access_approved,ESA-Security-Group,,E-S-A-Group-Inc,,1581189595420,,,,,,,,,,
repository_vulnerability_alert.resolve,ESA-Security-Group,,E-S-A-Group-Inc,E-S-A-Group-Inc/Alexa-LED-Animation-Files-for-AVS,1581430858950,,,,,,,,,,
repository_vulnerability_alert.dismiss,ESA-Security-Group,ESA-Security-Group,E-S-A-Group-Inc,E-S-A-Group-Inc/Alexa-LED-Animation-Files-for-AVS,1581989412500,,,,,,,,,,
repository_vulnerability_alert.dismiss,ESA-Security-Group,ESA-Security-Group,E-S-A-Group-Inc,E-S-A-Group-Inc/-Get-Queens,1582848521270,,,,,,,,,,
integration_installation.repositories_added,,,E-S-A-Group-Inc,,1582830023895,,,,,,,,,,
repo.create,ESA-Security-Group,,E-S-A-Group-Inc,E-S-A-Group-Inc/-Get-Queens,1582829951351,,,,,,,,,,
integration_installation.repositories_added,ESA-Security-Group,,E-S-A-Group-Inc,,1582848375654,,,,,,,,,,
repository_vulnerability_alert.create,,,E-S-A-Group-Inc,E-S-A-Group-Inc/-Get-Queens,1582830024302,,,,,,,,,,
repo.create,ESA-Security-Group,,E-S-A-Group-Inc,E-S-A-Group-Inc/-Get-Queens-2,1582847085988,,,,,,,,,,
repository_vulnerability_alerts.authorized_users_teams,ESA-Security-Group,,E-S-A-Group-Inc,E-S-A-Group-Inc/-Get-Queens,1582847658584,,,,,,,,,,
repo.create,ESA-Security-Group,,E-S-A-Group-Inc,E-S-A-Group-Inc/mslearn-build-a-web-app-with-mean-on-a-linux-vm,1584629024362,,,,,,,,,,
repository_vulnerability_alert.create,github-staff,,E-S-A-Group-Inc,E-S-A-Group-Inc/webdav.8080,1584485424902,,,,,,,,,,
repository_vulnerability_alert.create,github-staff,,E-S-A-Group-Inc,E-S-A-Group-Inc/starship-clone,1584436188215,,,,,,,,,,
repository_vulnerability_alert.create,,,E-S-A-Group-Inc,E-S-A-Group-Inc/Alexa-LED-Animation-Files-for-AVS,1584501591152,,,,,,,,,,
repository_vulnerability_alert.create,,,E-S-A-Group-Inc,E-S-A-Group-Inc/Alexa-LED-Animation-Files-for-AVS,1584501591186,,,,,,,,,,
repository_vulnerability_alert.create,github-staff,,E-S-A-Group-Inc,E-S-A-Group-Inc/Alexa-LED-Animation-Files-for-AVS,1584166270676,,,,,,,,,,
repository_vulnerability_alert.create,github-staff,,E-S-A-Group-Inc,E-S-A-Group-Inc/starship-git,1584481388145,,,,,,,,,,
repository_vulnerability_alert.create,github-staff,,E-S-A-Group-Inc,E-S-A-Group-Inc/webdav.8080,1584291475947,,,,,,,,,,
repository_vulnerability_alert.create,github-staff,,E-S-A-Group-Inc,E-S-A-Group-Inc/Alexa-LED-Animation-Files-for-AVS,1584236876823,,,,,,,,,,
repository_vulnerability_alert.create,github-staff,,E-S-A-Group-Inc,E-S-A-Group-Inc/starship-git,1584230173847,,,,,,,,,,
repository_vulnerability_alert.create,github-staff,,E-S-A-Group-Inc,E-S-A-Group-Inc/starship-clone,1584214005307,,,,,,,,,,
repository_vulnerability_alert.create,,,E-S-A-Group-Inc,E-S-A-Group-Inc/Alexa-LED-Animation-Files-for-AVS,1584501591115,,,,,,,,,,
repository_vulnerability_alert.create,,,E-S-A-Group-Inc,E-S-A-Group-Inc/Alexa-LED-Animation-Files-for-AVS,1585930663343,,,,,,,,,,
repository_vulnerability_alert.create,,,E-S-A-Group-Inc,E-S-A-Group-Inc/Alexa-LED-Animation-Files-for-AVS,1585930663404,,,,,,,,,,
repository_vulnerability_alert.create,github-staff,,E-S-A-Group-Inc,E-S-A-Group-Inc/webdav.8080,1588207224349,,,,,,,,,,
repository_vulnerability_alert.create,github-staff,,E-S-A-Group-Inc,E-S-A-Group-Inc/starship-git,1585925699381,,,,,,,,,,
repository_vulnerability_alert.create,github-staff,,E-S-A-Group-Inc,E-S-A-Group-Inc/Alexa-LED-Animation-Files-for-AVS,1586140235208,,,,,,,,,,
repository_vulnerability_alert.create,,,E-S-A-Group-Inc,E-S-A-Group-Inc/webdav.8080,1588278708646,,,,,,,,,,
repository_vulnerability_alert.create,github-staff,,E-S-A-Group-Inc,E-S-A-Group-Inc/webdav.8080,1588207224351,,,,,,,,,,
repository_vulnerability_alert.create,,,E-S-A-Group-Inc,E-S-A-Group-Inc/webdav.8080,1585927285044,,,,,,,,,,
repository_vulnerability_alert.create,github-staff,,E-S-A-Group-Inc,E-S-A-Group-Inc/Alexa-LED-Animation-Files-for-AVS,1585986816059,,,,,,,,,,
repository_vulnerability_alert.create,github-staff,,E-S-A-Group-Inc,E-S-A-Group-Inc/starship-clone,1586036539694,,,,,,,,,,
repository_vulnerability_alert.create,,,E-S-A-Group-Inc,E-S-A-Group-Inc/starship-git,1586051598308,,,,,,,,,,
repository_vulnerability_alert.create,,,E-S-A-Group-Inc,E-S-A-Group-Inc/Alexa-LED-Animation-Files-for-AVS,1586131406155,,,,,,,,,,
repository_vulnerability_alert.create,,,E-S-A-Group-Inc,E-S-A-Group-Inc/Alexa-LED-Animation-Files-for-AVS,1586131406200,,,,,,,,,,
repository_vulnerability_alert.create,,,E-S-A-Group-Inc,E-S-A-Group-Inc/starship-git,1586119989799,,,,,,,,,,
repository_vulnerability_alert.create,github-staff,,E-S-A-Group-Inc,E-S-A-Group-Inc/webdav.8080,1586134963060,,,,,,,,,,
repository_vulnerability_alert.create,,,E-S-A-Group-Inc,E-S-A-Group-Inc/Alexa-LED-Animation-Files-for-AVS,1586057677346,,,,,,,,,,
repository_vulnerability_alert.create,github-staff,,E-S-A-Group-Inc,E-S-A-Group-Inc/webdav.8080,1586109731819,,,,,,,,,,
repository_vulnerability_alert.create,github-staff,,E-S-A-Group-Inc,E-S-A-Group-Inc/starship-clone,1586096282016,,,,,,,,,,
repository_vulnerability_alert.create,github-staff,,E-S-A-Group-Inc,E-S-A-Group-Inc/starship-clone,1585906818401,,,,,,,,,,
repository_vulnerability_alert.create,github-staff,,E-S-A-Group-Inc,E-S-A-Group-Inc/Alexa-LED-Animation-Files-for-AVS,1590512047501,,,,,,,,,,
repository_vulnerability_alert.create,github-staff,,E-S-A-Group-Inc,E-S-A-Group-Inc/Alexa-LED-Animation-Files-for-AVS,1590512047670,,,,,,,,,,
repository_vulnerability_alert.create,,,E-S-A-Group-Inc,E-S-A-Group-Inc/starship-clone,1591476459460,,,,,,,,,,
repository_vulnerability_alert.create,,,E-S-A-Group-Inc,E-S-A-Group-Inc/starship-git,1591501857328,,,,,,,,,,
repository_vulnerability_alert.create,,,E-S-A-Group-Inc,E-S-A-Group-Inc/Alexa-LED-Animation-Files-for-AVS,1591512280972,,,,,,,,,,
repository_vulnerability_alert.create,,,E-S-A-Group-Inc,E-S-A-Group-Inc/-Get-Queens,1595092055067,,,,,,,,,,
repository_vulnerability_alert.create,,,E-S-A-Group-Inc,E-S-A-Group-Inc/starship-clone,1595048105301,,,,,,,,,,
repository_vulnerability_alert.create,github-staff,,E-S-A-Group-Inc,E-S-A-Group-Inc/Alexa-LED-Animation-Files-for-AVS,1595267538425,,,,,,,,,,
repository_vulnerability_alert.create,,,E-S-A-Group-Inc,E-S-A-Group-Inc/Alexa-LED-Animation-Files-for-AVS,1595083958670,,,,,,,,,,
repository_vulnerability_alert.create,,,E-S-A-Group-Inc,E-S-A-Group-Inc/webdav.8080,1595075204489,,,,,,,,,,
repository_vulnerability_alert.create,,,E-S-A-Group-Inc,E-S-A-Group-Inc/starship-git,1595073151892,,,,,,,,,,
repository_vulnerability_alert.create,,,E-S-A-Group-Inc,E-S-A-Group-Inc/Alexa-LED-Animation-Files-for-AVS,1595083958530,,,,,,,,,,
repository_vulnerability_alert.create,github-staff,,E-S-A-Group-Inc,E-S-A-Group-Inc/starship-git,1596203246755,,,,,,,,,,
repository_vulnerability_alert.create,,,E-S-A-Group-Inc,E-S-A-Group-Inc/starship-clone,1596154997192,,,,,,,,,,
repository_vulnerability_alert.create,github-staff,,E-S-A-Group-Inc,E-S-A-Group-Inc/webdav.8080,1596204614010,,,,,,,,,,
repository_vulnerability_alert.create,,,E-S-A-Group-Inc,E-S-A-Group-Inc/Alexa-LED-Animation-Files-for-AVS,1596175061408,,,,,,,,,,
repository_vulnerability_alert.create,github-staff,,E-S-A-Group-Inc,E-S-A-Group-Inc/starship-clone,1596187418030,,,,,,,,,,
repository_vulnerability_alert.create,github-staff,,E-S-A-Group-Inc,E-S-A-Group-Inc/Alexa-LED-Animation-Files-for-AVS,1596210676729,,,,,,,,,,
repository_vulnerability_alert.create,,,E-S-A-Group-Inc,E-S-A-Group-Inc/starship-git,1596168695032,,,,,,,,,,
repository_vulnerability_alert.create,github-staff,,E-S-A-Group-Inc,E-S-A-Group-Inc/Alexa-LED-Animation-Files-for-AVS,1596210676521,,,,,,,,,,
repository_vulnerability_alert.create,,,E-S-A-Group-Inc,E-S-A-Group-Inc/webdav.8080,1596170109250,,,,,,,,,,
repository_vulnerability_alert.create,github-staff,,E-S-A-Group-Inc,E-S-A-Group-Inc/Alexa-LED-Animation-Files-for-AVS,1597782887730,,,,,,,,,,
hook.destroy,build-snapcraft-io,,E-S-A-Group-Inc,E-S-A-Group-Inc/gh-ost,1598373894748,156162954,[],,,,,,,,
hook.destroy,build-snapcraft-io,,E-S-A-Group-Inc,E-S-A-Group-Inc/AspNetCore.Docs,1598373926301,175614447,[],,,,,,,,
hook.destroy,build-snapcraft-io,,E-S-A-Group-Inc,E-S-A-Group-Inc/go,1598373926716,175614460,[],,,,,,,,
repository_vulnerability_alert.create,github-staff,,E-S-A-Group-Inc,E-S-A-Group-Inc/Alexa-LED-Animation-Files-for-AVS,1597285756863,,,,,,,,,,
hook.destroy,build-snapcraft-io,,E-S-A-Group-Inc,E-S-A-Group-Inc/circleci-docs,1598373926457,175614452,[],,,,,,,,
hook.destroy,build-snapcraft-io,,E-S-A-Group-Inc,E-S-A-Group-Inc/fetch,1598373926672,175614458,[],,,,,,,,
repository_vulnerability_alert.create,github-staff,,E-S-A-Group-Inc,E-S-A-Group-Inc/webdav.8080,1597778680043,,,,,,,,,,
repository_vulnerability_alert.create,github-staff,,E-S-A-Group-Inc,E-S-A-Group-Inc/starship-clone,1597764286574,,,,,,,,,,
hook.destroy,build-snapcraft-io,,E-S-A-Group-Inc,E-S-A-Group-Inc/git,1598373894799,156162955,[],,,,,,,,
hook.destroy,build-snapcraft-io,,E-S-A-Group-Inc,E-S-A-Group-Inc/Alexa-LED-Animation-Files-for-AVS,1598373926194,175614444,[],,,,,,,,
hook.destroy,build-snapcraft-io,,E-S-A-Group-Inc,E-S-A-Group-Inc/atom,1598373926256,175614445,[],,,,,,,,
hook.destroy,build-snapcraft-io,,E-S-A-Group-Inc,E-S-A-Group-Inc/docker-node,1598373926764,175614461,[],,,,,,,,
hook.destroy,build-snapcraft-io,,E-S-A-Group-Inc,E-S-A-Group-Inc/bootstrap,1598373926346,175614448,[],,,,,,,,
repository_vulnerability_alert.create,github-staff,,E-S-A-Group-Inc,E-S-A-Group-Inc/starship-git,1596842195080,,,,,,,,,,
repository_vulnerability_alert.create,github-staff,,E-S-A-Group-Inc,E-S-A-Group-Inc/starship-clone,1597262940711,,,,,,,,,,
hook.destroy,build-snapcraft-io,,E-S-A-Group-Inc,E-S-A-Group-Inc/wiki,1598373926954,175614467,[],,,,,,,,
hook.destroy,build-snapcraft-io,,E-S-A-Group-Inc,E-S-A-Group-Inc/jsbox-docs,1598373894897,156162958,[],,,,,,,,
hook.destroy,build-snapcraft-io,,E-S-A-Group-Inc,E-S-A-Group-Inc/security-on-github-clean,1598373894941,156162959,[],,,,,,,,
hook.destroy,build-snapcraft-io,,E-S-A-Group-Inc,E-S-A-Group-Inc/starship-clone,1598373894982,156162961,[],,,,,,,,
repository_vulnerability_alert.create,github-staff,,E-S-A-Group-Inc,E-S-A-Group-Inc/Alexa-LED-Animation-Files-for-AVS,1596842342564,,,,,,,,,,
repository_vulnerability_alert.create,github-staff,,E-S-A-Group-Inc,E-S-A-Group-Inc/starship-git,1597279168201,,,,,,,,,,
hook.destroy,build-snapcraft-io,,E-S-A-Group-Inc,E-S-A-Group-Inc/brew,1598373926407,175614450,[],,,,,,,,
hook.destroy,build-snapcraft-io,,E-S-A-Group-Inc,E-S-A-Group-Inc/Dash-User-Contributions,1598373926559,175614454,[],,,,,,,,
repository_vulnerability_alert.create,github-staff,,E-S-A-Group-Inc,E-S-A-Group-Inc/webdav.8080,1597280522325,,,,,,,,,,
repository_vulnerability_alert.create,github-staff,,E-S-A-Group-Inc,E-S-A-Group-Inc/Alexa-LED-Animation-Files-for-AVS,1597285757014,,,,,,,,,,
hook.destroy,build-snapcraft-io,,E-S-A-Group-Inc,E-S-A-Group-Inc/Ghost,1598373926624,175614456,[],,,,,,,,
hook.destroy,build-snapcraft-io,,E-S-A-Group-Inc,E-S-A-Group-Inc/webdav.8080,1598373926906,175614465,[],,,,,,,,
repository_vulnerability_alert.create,github-staff,,E-S-A-Group-Inc,E-S-A-Group-Inc/Alexa-LED-Animation-Files-for-AVS,1596853213966,,,,,,,,,,
repository_vulnerability_alert.create,github-staff,,E-S-A-Group-Inc,E-S-A-Group-Inc/starship-clone,1596841769612,,,,,,,,,,
hook.destroy,build-snapcraft-io,,E-S-A-Group-Inc,E-S-A-Group-Inc/starship-git,1598373926811,175614463,[],,,,,,,,
hook.destroy,build-snapcraft-io,,E-S-A-Group-Inc,E-S-A-Group-Inc/blockchain-tutorial-2,1598373894847,156162956,[],,,,,,,,
hook.destroy,build-snapcraft-io,,E-S-A-Group-Inc,E-S-A-Group-Inc/CodeHub-Push,1598373926501,175614453,[],,,,,,,,
repository_vulnerability_alert.create,github-staff,,E-S-A-Group-Inc,E-S-A-Group-Inc/starship-git,1597777597019,,,,,,,,,,
hook.destroy,build-snapcraft-io,,E-S-A-Group-Inc,E-S-A-Group-Inc/azure-pipelines-tasks,1598373894702,156162951,[],,,,,,,,
hook.destroy,build-snapcraft-io,,E-S-A-Group-Inc,E-S-A-Group-Inc/vscode-azureappservice,1598373926856,175614464,[],,,,,,,,
repository_vulnerability_alert.create,,,E-S-A-Group-Inc,E-S-A-Group-Inc/webdav.8080,1599238120241,,,,,,,,,,
repository_vulnerability_alert.create,,,E-S-A-Group-Inc,E-S-A-Group-Inc/Alexa-LED-Animation-Files-for-AVS,1599706134568,,,,,,,,,,
repository_vulnerability_alert.create,,,E-S-A-Group-Inc,E-S-A-Group-Inc/starship-clone,1599845376465,,,,,,,,,,
repository_vulnerability_alert.create,,,E-S-A-Group-Inc,E-S-A-Group-Inc/starship-git,1600359961006,,,,,,,,,,
repository_vulnerability_alert.create,,,E-S-A-Group-Inc,E-S-A-Group-Inc/webdav.8080,1599793130989,,,,,,,,,,
repository_vulnerability_alert.create,,,E-S-A-Group-Inc,E-S-A-Group-Inc/starship-git,1599884255959,,,,,,,,,,
repository_vulnerability_alert.create,,,E-S-A-Group-Inc,E-S-A-Group-Inc/-Get-Queens,1599199752840,,,,,,,,,,
repository_vulnerability_alert.create,,,E-S-A-Group-Inc,E-S-A-Group-Inc/webdav.8080,1599887480784,,,,,,,,,,
repository_vulnerability_alert.create,github-staff,,E-S-A-Group-Inc,E-S-A-Group-Inc/Alexa-LED-Animation-Files-for-AVS,1599922321984,,,,,,,,,,
org.oauth_app_access_approved,ESA-Security-Group,,E-S-A-Group-Inc,,1601339169927,,,,,,,,,,
repository_vulnerability_alert.create,,,E-S-A-Group-Inc,E-S-A-Group-Inc/Alexa-LED-Animation-Files-for-AVS,1599706766295,,,,,,,,,,
repository_vulnerability_alert.create,github-staff,,E-S-A-Group-Inc,E-S-A-Group-Inc/Alexa-LED-Animation-Files-for-AVS,1599922321802,,,,,,,,,,
repository_vulnerability_alert.create,,,E-S-A-Group-Inc,E-S-A-Group-Inc/Alexa-LED-Animation-Files-for-AVS,1599900277623,,,,,,,,,,
repository_vulnerability_alert.create,github-staff,,E-S-A-Group-Inc,E-S-A-Group-Inc/Alexa-LED-Animation-Files-for-AVS,1599095753583,,,,,,,,,,
repository_vulnerability_alert.create,,,E-S-A-Group-Inc,E-S-A-Group-Inc/webdav.8080,1599175639431,,,,,,,,,,
repository_vulnerability_alert.create,,,E-S-A-Group-Inc,E-S-A-Group-Inc/starship-clone,1599758200312,,,,,,,,,,
repository_vulnerability_alert.create,,,E-S-A-Group-Inc,E-S-A-Group-Inc/Alexa-LED-Animation-Files-for-AVS,1599673199120,,,,,,,,,,
repository_vulnerability_alert.create,,,E-S-A-Group-Inc,E-S-A-Group-Inc/Alexa-LED-Animation-Files-for-AVS,1599900277500,,,,,,,,,,
repository_vulnerability_alert.create,,,E-S-A-Group-Inc,E-S-A-Group-Inc/Alexa-LED-Animation-Files-for-AVS,1599192708323,,,,,,,,,,
repository_vulnerability_alert.create,github-staff,,E-S-A-Group-Inc,E-S-A-Group-Inc/webdav.8080,1599917885322,,,,,,,,,,
repository_vulnerability_alert.create,,,E-S-A-Group-Inc,E-S-A-Group-Inc/Alexa-LED-Animation-Files-for-AVS,1599706766736,,,,,,,,,,
repository_vulnerability_alert.create,,,E-S-A-Group-Inc,E-S-A-Group-Inc/starship-git,1599790444188,,,,,,,,,,
repository_vulnerability_alert.create,,,E-S-A-Group-Inc,E-S-A-Group-Inc/webdav.8080,1599170549185,,,,,,,,,,
repository_vulnerability_alert.create,github-staff,,E-S-A-Group-Inc,E-S-A-Group-Inc/Alexa-LED-Animation-Files-for-AVS,1599922322124,,,,,,,,,,
repository_vulnerability_alert.create,,,E-S-A-Group-Inc,E-S-A-Group-Inc/starship-clone,1600330535451,,,,,,,,,,
repository_vulnerability_alert.create,,,E-S-A-Group-Inc,E-S-A-Group-Inc/webdav.8080,1600362538673,,,,,,,,,,
hook.create,ESA-Security-Group,,E-S-A-Group-Inc,E-S-A-Group-Inc/Dash-iOS,1605676081724,263221601,"[""push"", ""issues"", ""issue_comment"", ""commit_comment"", ""pull_request"", ""pull_request_review_comment"", ""gollum"", ""watch"", ""fork"", ""member"", ""public"", ""team_add"", ""status"", ""create"", ""delete"", ""release"", ""repository""]",,,,,,,,
hook.create,ESA-Security-Group,,E-S-A-Group-Inc,E-S-A-Group-Inc/Dash-iOS,1605676097380,263221635,"[""push"", ""issues"", ""issue_comment"", ""commit_comment"", ""pull_request"", ""pull_request_review_comment"", ""gollum"", ""watch"", ""fork"", ""member"", ""public"", ""team_add"", ""status"", ""create"", ""delete"", ""release"", ""repository""]",,,,,,,,
repository_vulnerability_alert.create,github-staff,,E-S-A-Group-Inc,E-S-A-Group-Inc/Alexa-LED-Animation-Files-for-AVS,1606267474338,,,,,,,,,,
repo.create,ESA-Security-Group,,E-S-A-Group-Inc,E-S-A-Group-Inc/Dash-iOS,1605111431014,,,,,,,,,,
repo.pages_https_redirect_disabled,ESA-Security-Group,,E-S-A-Group-Inc,E-S-A-Group-Inc/Dash-iOS,1606993629742,,,,,,,,,,
hook.config_changed,ESA-Security-Group,,E-S-A-Group-Inc,E-S-A-Group-Inc/Dash-iOS,1606993742141,263221601,"[""commit_comment"", ""create"", ""delete"", ""fork"", ""gollum"", ""issues"", ""issue_comment"", ""member"", ""public"", ""pull_request"", ""pull_request_review_comment"", ""push"", ""release"", ""repository"", ""status"", ""team_add"", ""watch""]",,,,,,,,
repo.add_topic,ESA-Security-Group,ESA-Security-Group,E-S-A-Group-Inc,E-S-A-Group-Inc/starship-git,1606994520794,,,,,,,,,,
repository_image.create,ESA-Security-Group,,E-S-A-Group-Inc,E-S-A-Group-Inc/Dash-iOS,1606993519792,,,,,,,,,,
org.set_fork_pr_workflows_policy,ESA-Security-Group,,E-S-A-Group-Inc,,1606994373923,,,,,,,,,,
org.display_commenter_full_name_enabled,ESA-Security-Group,ESA-Security-Group,E-S-A-Group-Inc,,1606994677687,,,,,,,,,,
issues.deletes_enabled,ESA-Security-Group,ESA-Security-Group,E-S-A-Group-Inc,,1606994667980,,,,,,,,,,
repo.add_topic,ESA-Security-Group,ESA-Security-Group,E-S-A-Group-Inc,E-S-A-Group-Inc/Alexa-LED-Animation-Files-for-AVS,1606994470276,,,,,,,,,,
repo.add_topic,ESA-Security-Group,ESA-Security-Group,E-S-A-Group-Inc,E-S-A-Group-Inc/Alexa-LED-Animation-Files-for-AVS,1606994481574,,,,,,,,,,
repo.add_topic,ESA-Security-Group,ESA-Security-Group,E-S-A-Group-Inc,E-S-A-Group-Inc/Alexa-LED-Animation-Files-for-AVS,1606994465992,,,,,,,,,,
repo.add_topic,ESA-Security-Group,ESA-Security-Group,E-S-A-Group-Inc,E-S-A-Group-Inc/webdav.8080,1606994535152,,,,,,,,,,
integration_installation.create,ESA-Security-Group,,E-S-A-Group-Inc,,1606994161065,,,,,,,,,,
org.set_actions_retention_limit,ESA-Security-Group,,E-S-A-Group-Inc,,1606994339322,,,,,,,,,,
repo.add_topic,ESA-Security-Group,ESA-Security-Group,E-S-A-Group-Inc,E-S-A-Group-Inc/Alexa-LED-Animation-Files-for-AVS,1606994492862,,,,,,,,,,
repo.add_topic,ESA-Security-Group,ESA-Security-Group,E-S-A-Group-Inc,E-S-A-Group-Inc/starship-clone,1606994507189,,,,,,,,,,
repo.add_topic,ESA-Security-Group,ESA-Security-Group,E-S-A-Group-Inc,E-S-A-Group-Inc/starship-clone,1606994518300,,,,,,,,,,
repo.add_topic,ESA-Security-Group,ESA-Security-Group,E-S-A-Group-Inc,E-S-A-Group-Inc/starship-clone,1606994511895,,,,,,,,,,
repo.add_topic,ESA-Security-Group,ESA-Security-Group,E-S-A-Group-Inc,E-S-A-Group-Inc/Alexa-LED-Animation-Files-for-AVS,1606994499289,,,,,,,,,,
repo.add_topic,ESA-Security-Group,ESA-Security-Group,E-S-A-Group-Inc,E-S-A-Group-Inc/starship-git,1606994540387,,,,,,,,,,
repo.pages_source,ESA-Security-Group,,E-S-A-Group-Inc,E-S-A-Group-Inc/Dash-iOS,1606993562246,,,,,,,,,,
repo.add_topic,ESA-Security-Group,ESA-Security-Group,E-S-A-Group-Inc,E-S-A-Group-Inc/Alexa-LED-Animation-Files-for-AVS,1606994495391,,,,,,,,,,
repo.add_topic,ESA-Security-Group,ESA-Security-Group,E-S-A-Group-Inc,E-S-A-Group-Inc/webdav.8080,1606994531018,,,,,,,,,,
repo.add_topic,ESA-Security-Group,ESA-Security-Group,E-S-A-Group-Inc,E-S-A-Group-Inc/starship-clone,1606994509753,,,,,,,,,,
repo.pages_cname,ESA-Security-Group,,E-S-A-Group-Inc,E-S-A-Group-Inc/Dash-iOS,1606993630655,,,,,,,,,,
integration_installation.create,ESA-Security-Group,,E-S-A-Group-Inc,,1606994161845,,,,,,,,,,
repo.add_topic,ESA-Security-Group,ESA-Security-Group,E-S-A-Group-Inc,E-S-A-Group-Inc/webdav.8080,1606994532718,,,,,,,,,,
repo.add_topic,ESA-Security-Group,ESA-Security-Group,E-S-A-Group-Inc,E-S-A-Group-Inc/Alexa-LED-Animation-Files-for-AVS,1606994488911,,,,,,,,,,
repo.add_topic,ESA-Security-Group,ESA-Security-Group,E-S-A-Group-Inc,E-S-A-Group-Inc/Alexa-LED-Animation-Files-for-AVS,1606994485677,,,,,,,,,,
repo.add_topic,ESA-Security-Group,ESA-Security-Group,E-S-A-Group-Inc,E-S-A-Group-Inc/starship-git,1606994522652,,,,,,,,,,
integration_installation.create,ESA-Security-Group,,E-S-A-Group-Inc,,1606993562476,,,,,,,,,,
repo.add_topic,ESA-Security-Group,ESA-Security-Group,E-S-A-Group-Inc,E-S-A-Group-Inc/webdav.8080,1606994528550,,,,,,,,,,
repo.add_topic,ESA-Security-Group,ESA-Security-Group,E-S-A-Group-Inc,E-S-A-Group-Inc/webdav.8080,1606994526460,,,,,,,,,,
repo.add_topic,ESA-Security-Group,ESA-Security-Group,E-S-A-Group-Inc,E-S-A-Group-Inc/Alexa-LED-Animation-Files-for-AVS,1606994477233,,,,,,,,,,
repo.pages_https_redirect_disabled,ESA-Security-Group,,E-S-A-Group-Inc,E-S-A-Group-Inc/Dash-iOS,1606993630637,,,,,,,,,,
repo.pages_create,ESA-Security-Group,,E-S-A-Group-Inc,E-S-A-Group-Inc/Dash-iOS,1606993562207,,,,,,,,,,
repo.add_topic,ESA-Security-Group,ESA-Security-Group,E-S-A-Group-Inc,E-S-A-Group-Inc/Alexa-LED-Animation-Files-for-AVS,1606994474847,,,,,,,,,,
repo.pages_cname,ESA-Security-Group,,E-S-A-Group-Inc,E-S-A-Group-Inc/Dash-iOS,1606993629769,,,,,,,,,,
repo.add_topic,ESA-Security-Group,ESA-Security-Group,E-S-A-Group-Inc,E-S-A-Group-Inc/starship-clone,1606994513694,,,,,,,,,,
